{
  "classNames": [
    "plank",
    "benchPress",
    "legCurl",
    "squat",
    "deadlift",
    "barbellRow",
    "dumbbellRow",
    "seatedRow",
    "shoulderPress",
    "bicepCurl",
    "latPulldown",
    "pullUp",
    "lunge",
    "legPress",
    "cableFly",
    "lateralRaise",
    "hipThrust",
    "pushUp",
    "dip",
    "chinUp",
    "frontSquat",
    "romanianDeadlift",
    "hammerCurl",
    "calfRaise",
    "crunch",
    "frontRaise",
    "shrug",
    "uprightRow",
    "tricepPushdown",
    "overheadExtension",
    "bulgarianSplit",
    "legExtension"
  ],
  "featureNames": [
    "knee",
    "hip",
    "elbow",
    "shoulder",
    "torsoFromVertical",
    "armElevation",
    "armSpread",
    "wristHeightNorm",
    "stanceWidth",
    "kneeAsym",
    "elbowAsym",
    "isUpright",
    "isLeaning",
    "isHorizontal",
    "wristAboveShoulder",
    "wristAtShoulder",
    "wristAtChest",
    "wristBelowHip",
    "elbowsPinned",
    "wristAboveElbow"
  ],
  "numClasses": 32,
  "numFeatures": 20,
  "normParams": {
    "means": [
      143.88109188939143,
      141.6491258739199,
      123.75726620255666,
      59.395598843648976,
      29.102484704808557,
      47.8425800109665,
      1.2873098609680216,
      0.3690329405022279,
      0.9864632247680614,
      9.201817376001788,
      8.189488948646364,
      0.663828125,
      0.13091145833333334,
      0.20526041666666667,
      0.2165625,
      0.16611979166666666,
      0.617734375,
      0.140546875,
      0.19716145833333334,
      0.31395833333333334
    ],
    "stds": [
      31.792556745333908,
      32.91351676594461,
      38.24904632600763,
      39.62335335650958,
      26.926812641584796,
      43.271057414089555,
      0.5441909176485775,
      0.5753619130334598,
      0.33511950909372673,
      13.213463907116054,
      8.108139641417717,
      0.47239850281199935,
      0.33730349599495646,
      0.4038917899838805,
      0.4119019101602687,
      0.37218813318438587,
      0.4859409603472993,
      0.34755352239300424,
      0.39785527228020523,
      0.46409966414973947
    ]
  },
  "trainedAt": "2026-02-28T14:54:55.808Z",
  "bestEpoch": 16,
  "bestValAccuracy": "87.5",
  "trainSize": 38400,
  "valSize": 9600
}